name,aliases
Namdev Finvest Private Limited,Namdev Finvest
Belstar Microfinance Limited,Belstar
MINTIFI Finserve Private Limited,Mintifi
Kissandhan Agri Financial Serviced Limited,Kissandhan
Karnataka State Financial Corporation,"KSFC, Karnataka State Financial"
Laxmi India Finance Limited,Laxmi India Finance
Dar Credit & Capital Limited,Dar Credit
Religare Housing Development Finance Corporation Limited,Religare Housing
Supreme Housing Finance Limited,Supreme Housing
Manba Finance Limited,Manba Finance
CFM ARC,"CFM Asset Reconstruction, CFM ARC"
GrowXCD Finance Private Limited,GrowXCD
KrazyBee Services Limited,"Krazybee, kreditbee"
Karnataka Bank Limited,Karnataka Bank
Tourism Finance Corporation of India Limited,"Tourism Finance, TFCI"
Golden Legand Leasing and Finance Limited,Golden Legand
Nabkisan Finance limited,"NABKISAN, NABARD"
Svamaan Financial Services Private Limited,"Svamaan Financial, JSW One"
Axis Securities Limited,Axis Securities
Ashika Stock Services Limited,Ashika Stock
IFCI Limited,IFCI
Bank of Baroda,"BoB, Bank of Baroda"
Punjab and Sind Bank,"Punjab & Sind Bank,Punjab and Sind Bank"
Nexome Capital Markets Limited,Nexome Capital
Wonder Home Finance Limited,Wonder Home Finance
SBM Bank (INDIA) Limited,"SBM Bank India, SBM India"
Home First Finance Company India Limited,Home First Finance
Religare Broking Limited,Religare Broking
One Mobikwik,One MobiKwik
Pinelabs,"Pine Labs,Pinelabs"
Religare Enterprises,Religare
Finova Capital Private Limited,Finova Capital
KLM Axiva Finvest Limited,KLM Axiva
Gajet Financial Services Private Limited,Gajet Financial
IDBI Bank Limited,IDBI Bank
SMFG India Credit Company Limited,"SMFG, SMBC,SMFG India"
SMFG India Home Finance Company Limited,"SMFG, SMBC,SMFG India"
NIPUN PROJECTS & FINANCE PRIVATE LIMITED,"NIPUN PROJECTS & FINANCE, Optimo capital"
Nivara Home Finance Limited,Nivara Home
Pahal Financial Services Private Limited,Pahal Financial
Sitara Housing Finance Limited,Sitara Housing Finance
Nisus Finance Services Co Limited,Nisus Finance
Profectus Capital Private Limited,"Profectus Capital, UGRO"
Indian Clearing Corporation Limited,"Indian Clearing Corporation, ICCL"
NSE IFSC Clearing Corporation Limited,"NSEICC, NICCL, NSE International Clearing,NSE IFSC"
Repco Home Finance Limited,Repco Home
Jharkhand Rajya Gramin Bank,"Jharkhand Gramin Bank, JRGB, JGB Bank"
Bharti Axa Life Insurance Company Limited,Bharti Axa
MS Fincap Private Limited,MS Fincap
Jammu & Kashmir Bank Limited,"J&K Bank, Jammu and Kashmir Bank"
HDFC Life Insurance Company Limited,HDFC Life
ESAF Small Finance Bank Limited,"ESAF Small Finance Bank, ESAF SFB"
Goenka Business and Finance Limited,Goenka Business and Finance
Sarala Development & Microfinance Private Limited,Sarala Development & Microfinance
SMIFS LIMITED,SMIFS
Cyqure India Private Limited,Cyqure India
Reliance Capital Limited,Reliance Capital
Maanaveeya Development & Finance Private Limited,Maanaveeya Development & Finance
360 One Alternates Asset Management Limited,"360 ONE Alternates, 360 ONE Asset"
360 One Distribution Services Limited,360 ONE Distribution
360 One Prime Limited,360 ONE Prime
360 One Wam Limited,360 ONE WAM
HDFC Securities Limited,HDFC Securities
Shrinithi Capital Private Limited,Shrinithi Capital
Alpha Alternatives Financial Services Private Limited,"Alpha Alternatives, Alpha Holdings"
Agrim Housing Finance Private Limited,Agrim Housing
National Bank For Financing Infrastructure And Development,"NaBFID,National Bank For Financing Infrastructure"
Decent Securities Limited,Decent Securities
Geojit Credits Private Limited,"Geojit Credit, Geojit"
Geojit Financial Services Limited,"Geojit Financial, Geojit"
Geojit Investment,"Geojit Investment, Geojit"
Comfort Fincap Limited,Comfort Fincap
Equitas Small Finance Bank Limited,"Equitas Small Finance Bank, Equitas SFB"
IndusInd General Insurance Company Limited,"IndusInd General Insurance, IndusInd"
NABFINS Limited,"NABFINS, NABARD"
Northern Arc Capital Limited,Northern Arc
Baid Finserv Limited,Baid Finserv
Star Union Dai-ichi Life Insurance Company Limited,"SUD Life, Star Union Dai-ichi Life, Star union"
Kusalava Finance Limited,Kusalava Finance
Sammaan Capital Limited,"Sammaan Capital, Indiabulls Housing Finance"
Sammaan Finserve Limited,"Sammaan Finserve, Indiabulls Commercial Credit"
Shubham Housing Development Finance Company Limited,"Shubham Housing, Shubham Housing Development Finance"
Hinduja Housing Finance Limited,Hinduja Housing
Hinduja Leyland Finance Limited,Hinduja Leyland
L&T Finance Limited (formerly known as L&T Finance Holdings Limited),"L&T Finance, L&T Finance Holdings, LTFH"
Light Microfinance Private Limited,Light Microfinance
National Housing Bank,"NHB,National Housing Bank"
SBFC Finance Limited,SBFC
Earlysalary Services Private Limited,"Fibe, EarlySalary"
Crest Ventures Limited,Crest Ventures
IDBI Capital Markets & Securities Limited,"IDBI Capital, IDBI Capital Markets & Securities"
Axis Bank Limited,Axis Bank
Muthoot Homefin (India) Limited,"Muthoot Homefin, Muthoot Finance"
Share India Fincap Private Limited,Share India Fincap
Share India Securities Limited,Share India Securities
Poonawalla Fincorp Limited,Poonawalla Fincorp
Power Finance Corporation Limited,"Power Finance Corporation, PFC"
REC Limited,"REC, REC ltd, REC limited"
IDFC First Bank,IDFC FIRST
Federal Bank Limited,Federal Bank
HDB Financial Services Limited,"HDB Financial , HDBFS"
Union Bank of India,Union Bank
State Bank of India,"SBI, State Bank of India"
Arya Fin-Trade Services (India) Private Limited,Arya Fin-Trade Services (India)
Asthana Rural Development & Services Private Limited,Asthana Rural Development & Services
Aavas Financiers Limited,Aavas Financiers
Auriolus Finvest,Auriolus Finvest
Canara Bank,Canara Bank
Central Bank of India,Central Bank of India
Bank of India,"BoI, Bank of India"
Truhome Finance Limited,"Truhome Finance, Shriram Housing"
ART Housing Finance India Limited,ART Housing
ICICI Bank Limited,ICICI
Bandhan Mutual Fund (BLR),"Bandhan Mutual Fund, Bandhan MF"
Aditya Birla Sun Life Mutual Fund,"ABSL Mutual Fund, Aditya Birla Sun Life Mutual Fund"
Finnable Credit Private Limited,Finnable Credit
Midland Microfin Limited,Midland Microfin
Fedbank Financial Services Limited,"Fedfina, Fedbank"
Keshava Prabha Microfin Private Limited,Keshava Prabha Microfin
Cars24 Financial Services Private Limited,"CARS24 Financial Services, CARS24"
Flat White Capital Private Limited,Flat White Capital
Setia Auto Finance Private Limited,Setia Auto Finance
Svatantra Micro Housing Finance Corporation Limited,Svatantra Micro Housing
Svatantra Microfin Limited,Svatantra Microfin
RAR Fincare Limited,RAR Fincare
Aseem Infrastructure Finance Limited,"Aseem Infrastructure Finance, Aseem Infra, TPG india"
Red Fort Capital Finance Company Private Limited,Red Fort Capital
Yogakshemam Loans Limited,Yogakshemam Loans
The Puducherry Public Servants Co-op. Credit Society Ltd,Puducherry Public Servants Co-op
Star Housing Finance Limited,Star Housing
Manipal Cigna Health Insurance Company Limited,"ManipalCigna, Manipal Cigna"
LIC Housing Finance Limited,"LIC Housing, LIC HFL"
ECAP EQUITIES LIMITED (formerly known as EDEL LAND LIMITED),"ECAP Equities, Edel Land"
ECL Finance Limited,ECL Finance
Edel Finance Company Limited,Edel Finance
Edelweiss Asset Reconstruction Company Limited,"Edelweiss ARC, Edelweiss Asset Reconstruction"
Edelweiss Financial Services Limited,"Edelweiss Financial Services, EFSL"
Nido Home Finance Limited,Nido Home Finance
Svasti Microfinance Private Limited,Svasti Microfinance
Home Credit India Finance Private Limited,Home Credit India
TVS Holdings Limited,TVS Holdings
TVS Credit Services Limited,TVS Credit
Salem Erode Investments Limited,Salem Erode Investments
Grow Money Capital Private Limited,Grow Money Capital
India Mortgage Guarantee Corporation Private Limited,"India Mortgage Guarantee Corporation, IMGC"
Utkarsh Small Finance Bank Limited,"Utkarsh Small Finance Bank, Utkarsh SFB"
Oxyzo Finance,Oxyzo
Can Fin Homes Limited,"Can Fin Homes,CanFin Homes"
Hero Fincorp Limited,Hero FinCorp
STCI Finance Limited,STCI Finance
Spark Institutional Equities Private Limited,"Spark Institutional Equities, Avendus Spark"
Avendus Finance Private Limited,"Avendus Finance, Avendus"
Coimbatore Capital Limited,Coimbatore Capital
Au Small Finance Bank Limited,"AU SFB, AU small finance bank"
Godrej Finance Limited,Godrej Finance
Godrej Housing Finance Limited,Godrej Housing
North Eastern Development Finance Corporation Limited,"NEDFi, North Eastern Development Finance"
Punjab National Bank,"PNB, Punjab National Bank"
Indresh Financial,Indresh Financial
Axis Finance Limited,Axis Finance
Savery Transport Finance Limited,Savery Transport Finance
Madhya Pradesh Financial Corporation,"Madhya Pradesh Financial, MPFC"
Union Mutual Fund (BLR),Union Mutual Fund
Ambium Finserve Limited,Ambium Finserve
Taru Agencies and Investment Private Limited,Taru Agencies and Investment
Mas Financial Services Limited,"MAS Financial, MAS Finance"
MAS Rural Housing and Mortgage Finance Limited,MAS Rural Housing and Mortgage Finance
Tata Capital Limited,Tata Capital
Darashaw and Company Private Limited,Darashaw
ICICI Prudential Mutual Fund - BLR,"ICICI Prudential Mutual Fund, ICICI Prudential MF, ICICI MF"
Arohan Financial Services Limited,Arohan Financial Services
Akme Fintrade (India) Limited,Akme Fintrade
Aryadhan Financial Solutions Private Limited,Aryadhan Financial Solutions
Bahadur Chand Investments Private Limited,Bahadur Chand Investments
Indian Bank,Indian Bank
The Kalupur Commercial Co-Operative Bank Limited,"The Kalupur Commercial Co-Operative Bank, Kalupur Co-operative bank"
Hiranandani Financial Services Private Limited,"Hiranandani Financial , House of Hiranandani"
Khushbu Auto Finance Limited,Khushbu Auto Finance
Namra Finance Limited,Namra Finance
Arman Financial Services Limited,Arman Financial Services
The Karur Vysya Bank Limited,"Karur Vysya Bank, KVB"
ICICI Securities Primary Dealership Limited,ICICI Securities Primary Dealership
Best Finance Corporation Limited,Best Finance Corporation
Navi Finserv Limited,"Navi Finserv , Navi Ltd"
Amrit Malwa Capital Limited,Amrit Malwa
Capital Trust Limited,Capital Trust
GIC-Bhutan Reinsurance Company Limited,GIC-Bhutan Reinsurance
Shriram Finance Limited,Shriram Finance
Muthoot Mcred Limited,Muthoot Mcred
IL&FS Financial Services Limited,"IL&FS Financial Services, IFIN"
Infrastructure Leasing & Financial Services Limited,"IL&FS, Infrastructure Leasing & Financial Services"
The Gujarat State Co Operative Bank Limited,"Gujarat State Cooperative Bank, GSC Bank"
SBI Mutual Fund - BLR,"SBI Mutual Fund, SBI MF"
HDFC Bank Limited,HDFC Bank
Cholamandalam Investment And Finance Company Limited,"Cholamandalam Finance, Chola Finance, CIFCL"
Asirvad Micro Finance Limited,Asirvad Micro Finance
IL&FS Securities Services Limited,IL&FS Securities Services
Manappuram Finance Limited,Manappuram Finance
Manappuram Home Finance Limited,Manappuram Home Finance
Viksit Capital Private Limited,Viksit Capital
Annapurna Finance Private Limited,Annapurna Finance
General Insurance Corporation of India,"GIC Re,General Insurance Corporation"
CLIX Capital Services Private Limited,Clix Capital
Meet Finance Private Limited,Meet Finance
Shriram Financial Services private Limited,"Way2Wealth Brokers, Shriram Financial Services, Shriram Capital, SOT"
SK Finance Limited,SK Finance
Axis Max Life Insurance Limited,"Axis Max Life, Max Life Insurance"
Roha Housing Finance Private Limited,Roha Housing Finance
UCO Bank,UCO Bank
Auxilo Finserve Private Limited,"Auxilo Finserve, Auxilo"
Bandhan Life Insurance Limited,"Bandhan Life, Aegon Life"
Infinity Fincorp Solutions Private Limited,"Infinity Fincorp Solutions, Partners Group india"
Mirae Asset Investment Managers (India) Private Limited (CQR),"Mirae Asset Mutual Fund, Mirae Asset"
Gosree Finance Limited,Gosree Finance
Raise Fintech Ventures Private Limited,Raise Fintech
The Clearing Corporation of India Limited,"CCIL, Clearing Corporation of India"
Multi Commodity Exchange Clearing Corporation Limited,MCXCCL
Bizloan Private Limited,Bizloan
CSA Investments Private Limited,CSA Investments
Housing and Urban Development Corporation Limited,HUDCO
Mantra Capital Limited,Mantra Capital
City Union Bank Limited,"City Union Bank, CUB"
Pantomath Capital Advisors Private Limited,Pantomath Capital Advisors
Aham Housing Finance Limited,Aham Housing Finance
NTC Finance Private Limited,NTC Finance
INFINA Finance Private Limited,INFINA Finance
Magalir Micro Capital Private Limited,Magalir Micro Capital
Kamal Autofinance Private Limited,Kamal Autofinance
Finkurve Financial Services Limited,Finkurve Financial Services
Punjab Infrastructure Development Board,"PIDB,Punjab Infrastructure Development"
Sagarmala Finance Corporation Limited,Sagarmala Finance Corporation
Capital Small Finance Bank Limited,Capital Small Finance Bank
Invesco Asset Management (India) Private Limited (BLR),"Invesco Mutual Fund, Invesco Asset Management India"
Micro Units Development and Refinance Agency Limited,MUDRA
Ceejay Finance Limited,Ceejay Finance
Integro Finserv Private Limited,Integro Finserv
Magma General Insurance Limited,"Magma General Insurance, Magma HDI General Insurance"
Grihum Housing Finance Limited,"Grihum Housing Finance, TPG India"
National Minorities Development & Finance Corporation,"NMDFC,National Minorities Development & Finance"
Netzero Finance Private Limited,"NetZero Finance, Aerem"
Kaleidofin Capital Private Limited,"Kaleidofin Capital, Kaleidofin private"
Jana Small Finance Bank Limited,"Jana Small Finance Bank, Jana SFB"
Orocorp Technologies Private Limited,"Oro Money, Orocorp"
Canara HSBC Life Insurance Company Limited,Canara HSBC
Jewel Rock Hire Purchase and Leasing Private Limited,Jewel Rock Hire Purchase and Leasing
Kanakadurga Finance Limited,Kanakadurga Finance
Samaaru Finance Private Limited,Samaaru Finance
SBI Payment Services Private Limited,"SBI Payments, SBI Payment Services"
Venkateswara Financiers Hyderabad Private Limited,Venkateswara Financiers Hyderabad
Aphelion Finance Private Limited,Aphelion Finance
Universal Sompo General Insurance Company Limited,Universal Sompo General Insurance
Trust Investment Advisors Private Limited,Trust Investment Advisors
The National Small Industries Corporation Limited,"NSIC, National Small Industries Corporation"
Chinmay Finlease Limited,Chinmay Finlease
Indusind Bank Limited,Indusind Bank
Dandona Finance Limited,Dandona Finance
Fusion Finance Limited,"Fusion Finance, Fusion Micro Finance"
India Infrastructure Finance Company Limited,"IIFCL, India Infrastructure Finance Company"
Billionbrains Garage Ventures Limited,"Groww, Billionbrains Garage Ventures"
Groww Creditserv Technology Private Limited,"Groww Credit, Groww CreditServ"
Tamilnadu Industrial Development Corporation Limited,Tamilnadu Industrial Development
PPFAS Mutual Fund,"Parag Parikh Mutual Fund, PPFAS"
Manappuram Asset Finance Limited,Manappuram Asset Finance
D. S. Integrated FinSec Private Limited,D. S. Integrated FinSec
Credila Financial Services Limited,"Credila, HDFC Credila"
Anand Rathi Share and Stock Brokers Limited,Anand Rathi
Star Health and Allied Insurance Company Limited,Star Health
Akara Capital Advisors Private Limited,"Stashfin, Akara Capital"
Maben Nidhi Limited,Maben Nidhi
RNFI Service Limited,RNFI Service
Ujjivan Small Finance Bank Limited,"Ujjivan SFB, Ujjivan"
Dvara Kshetriya Gramin Financial Services Private Limited,"Dvara KGFS, Dvara Kshetriya"
SBERBANK Branch in India,Sberbank India
Angel One Limited,Angel One
Bajaj Life Insurance Limited,"Bajaj Life Insurance, Bajaj Allianz Life Insurance"
CRSP CAPITAL PRIVATE LIMITED,CRSP CAPITAL
Bajaj Auto Credit Limited,Bajaj Auto Credit
Indiafirst Life Insurance Company Limited,"IndiaFirst Life, IndiaFirst Life Insurance"
Bajaj Finance Limited,Bajaj Finance
Hari and Company Investments Madras Limited,Hari and Company Investments Madras
Navi Limited,"Navi Ltd, Navi+Sachin, Navi+Fintech"
Tata Capital Limited- MA,Tata Capital
Tata Mutual Fund,"Tata MF,Tata Mutual Fund"
PNB Housing,PNB Housing
HDFC Mutual Fund,"HDFC MF,HDFC Mutual Fund"
Invesco Asset Management (India) Private Limited,"Invesco Mutual Fund, Invesco Asset Management"
Nippon Life India Asset Management Limited,"Nippon India Mutual Fund, Nippon India AMC"
Trustedge Capital,Trustedge Capital
Emkay Global Financial Services Limited,Emkay Global Financial Services
Bandhan Mutual Fund,Bandhan MF
Team India Guaranty Limited,Team India Guaranty
People Home Loans Limited,People Home Loans
Equirus Securities Private Limited,Equirus Securities
ICICI Home Finance Company Limited,ICICI Home Finance
Centrum Housing Finance Limited,Centrum Housing Finance
Narendra Finance,Narendra Finance
Royal Sundaram General Insurance Co. Limited,Royal Sundaram General Insurance
Altum Credo Home Finance Private Limited,Altum Credo Home Finance
Nuvama Wealth Management Limited,Nuvama Wealth Management
Nuvama Clearing Services Limited,Nuvama Clearing Services
Nuvama Wealth And Investment Limited,Nuvama Wealth and Investment
Nuvama Wealth Finance Limited,Nuvama Wealth Finance
Vastu Finserve India Private limited,Vastu Finserve India
Vastu Housing Finance Corporation Limited,Vastu Housing Finance Corporation
Mirae Asset Investment Managers (India) Private Limited (BLR),"Mirae Asset Mutual Fund, Mirae Asset"
A. K. Capital Finance Limited,"AK Capital Finance, A.K. Capital Finance"
A. K. Capital Services Limited,"AK Capital, A.K. Capital"
Avanse Financial Services Limited,"Avanse Financial Services, Avanse"
Bank of Maharashtra,"BOM, Bank of Maharashtra"
NIIF Infrastructure Finance Limited,"NIIF Infrastructure Finance, NIIF Fund"
Small Industries Development Bank of India,"SIDBI,Small Industries Development Bank of India"
Spandana Sphoorty Financial Limited,Spandana Sphoorty
Yes Securities (INDIA) Limited,YES Securities
Kogta Financial (india) Limited,"Kogta Financial, Kogta Finance"
Yes Bank Limited,YES BANK
Jio Credit Limited,Jio Credit
Jio Leasing Services Limited,Jio Leasing
Vistaar Financial Services Private Limited,Vistaar Financial Services
DCB Bank,DCB Bank
Mahindra And Mahindra Financial Services Limited,"Mahindra Finance, Mahindra & Mahindra Financial Services, MMFSL"
Mahindra Rural Housing Finance Limited,Mahindra Rural Housing Finance
KISETSU Saison Finance (INDIA) Private Limited,"Credit Saison India, Credit Saison, Kisetsu"
Indostar Capital Finance Limited,"IndoStar Capital, IndoStar, Brookfield"
IKF Finance Limited,IKF Finance
IKF Home Finance Limited,IKF Home Finance
Aadhar Housing Finance Limited,Aadhar Housing
Aptus Finance India Private Limited,Aptus Finance
Aptus Value Housing Finance India Limited,Aptus Value Housing
Indian Railway Finance,"Indian Railway Finance, IRFC"
Mahaveer Finance India Limited,Mahaveer Finance
Veritas Finance Limited,Veritas Finance
Five-Star Business Finance Limited,"Five-Star Business Finance, Five Star Business Finance"
Piramal Finance Limited (erstwhile Piramal Capital & Housing Finance Limited),"Piramal Finance, Piramal Capital & Housing Finance, PCHFL"
RBL Bank Limited,RBL Bank
5Paisa Capital Limited,5paisa
SG Finserve Limited,SG Finserve
Abhiyan Capital (India) Private Limited,Abhiyan Capital (India)
Svakarma Finance Private Limited,Svakarma Finance
Shriram Insight Share Brokers Limited,Shriram Insight Share Brokers
Shriram Credit Company Limited,"Shriram Credit, Shriram capital"
The South Indian Bank Limited,"South Indian Bank, SIB"
Edelweiss Asset Management Limited,"Edelweiss Mutual Fund, Edelweiss Asset Management"
Mahindra Manulife Investment Management Private Limited,"Mahindra Manulife Mutual Fund, Mahindra Manulife"
Ambit Finvest Private Limited,Ambit Finvest
Indian Overseas Bank,"IOB,Indian Overseas Bank"
India Shelter Finance,"India Shelter Finance Corporation, India Shelter"
Indian Renewable Energy Development Agency Limited (IREDA),"IREDA, Indian Renewable Energy Development Agency"
S V Creditline Limited,"SV Creditline, SVCL"
Save Microfinance Private Limited,Save Microfinance
Save Solutions Private Limited,Save Solutions
Solfin Sustainable Finance Private Limited,Solfin Sustainable Finance
Ummeed Housing Finance Private Limited,Ummeed Housing
Niva Bupa Health Insurance Company Limited,Niva Bupa Health
Axis Mutual Fund,"Axis MF,Axis Mutual Fund"
Jio BlackRock Asset Management Private Limited,"JioBlackRock Mutual Fund, Jio BlackRock Mutual Fund"
LIC Mutual Fund,"LIC MF,LIC Mutual Fund"
Union Mutual Fund,"Union MF,Union Mutual Fund"
ICICI Prudential Mutual Fund,ICICI Prudential MF
Bajaj Finserv Asset Management Limited,Bajaj Finserv Mutual Fund
Baroda BNP Paribas Mutual Fund,Baroda BNP Paribas MF
Canara Robeco Mutual Fund,Canara Robeco MF
SBI Funds Management Limited,"SBI Mutual Fund, SBI MF"
Indo Thai Securities Ltd,Indo Thai Securities
Arvesta Financial Services Private Limited,Arvesta Financial Services
Kotak Mahindra Mutual Fund,"Kotak Mutual Fund, Kotak MF"
Sundaram Asset Management Company Limited,"Sundaram Mutual Fund, Sundaram MF"
UTI Asset Management Company Limited,"UTI AMC, UTI Mutual Fund"
Systamatix Corporate Services Limited,"Systematix Corporate Services, Systematix"
Vivriti Capital Limited,Vivriti Capital
Bhansali,Bhansali
